SELECT MEMBERS WITH NAME martin :

mysql> select * from member where name LIKE'%m%';
+--------+-------------+-------+---------+------------+
| mem_id | name        | email | phoneno | status     |
+--------+-------------+-------+---------+------------+
|      1 | luke martin  | shja  |      42 | not active |
|      5 | liam martin  | snjdj |      42 | not active |
|      9 | june        | jsajj |      56 | active     |
|     10 | jake smith  | shja  |      42 | not active |
+--------+-------------+-------+---------+------------+
4 rows in set (0.01 sec)

mysql> select * from member where name LIKE'%martin%';
+--------+-------------+-------+---------+------------+
| mem_id | name        | email | phoneno | status     |
+--------+-------------+-------+---------+------------+
|      1 | luke martin  | shja  |      42 | not active |
|      5 | liam martin  | snjdj |      42 | not active |
+--------+-------------+-------+---------+------------+
2 rows in set (0.00 sec)

